S/N,Question,Answer
1,"Parí òwe yìí
 ""gbàmí gbàmí kò yé àgbà ..........""",Ẹranko ń lé mi bọ̀ ò yẹ ọdẹ
2,"Parí òwe Yorùbá yìí
 ""A kì í n pa odù òyà lójú ọ̀tá ẹni ....""",Ọmọ ẹlẹ́bọ́rọ́ lásán lapa
3,"Kíni ìyàtọ̀ láàrin ""ìwọ̀ àti iwọ""?","ìwọ̀ - Nkan ti won fi n pa eja
 iwọ - Majele"
4,"Irúfé ìyàwó wo ni Yorùbá máa pè ní ""ìyàwó gbàmí oràmí""?",Ìyàwó tí a fẹ́ fún èrè ìwòsàn tàbí tí a fẹ́ láti ṣe àànú fun
5,"Ìlú wo ní ilẹ̀ Yorùbá ni wọ́n ti ń ṣe ọdún ""ìgogo""?",Ọ̀wọ̀ ní Ìpìnlẹ̀́ Oǹdó
7,"Kíni ọ̀rọ̀ Yorùbá fún ""lake""?",Adágún omi
8,"Ìgbó Òrà jẹ́ ìlú tí wọ́n ti ń bí ìbejì jùlọ ní gbogbo àgbáyé
 ""Kíni àkọlé orúkọ ọba ìlú Ìgbó Òrà?""",Olú
9,"Kíni ọ̀rọ̀ Yorùbá fún ""Flag""?",Àṣíá
10,"Irú Àwọn wo ni a máa n pè tàbí sọ ní ""málà olú""?",Àwọn Ọlọ́bàtálá
11,"Tí Yorùbá bá sọ pé a kìí rí ewú ní ọ̀sán, kíni ewú?",Òkété
12,"Parí òwe Yorùbá yìí
 Ọ̀lẹ̀ má mọ́wọ́ mi wọ̀gbẹ́",Òhun ló sọ ará oko di ewúrẹ́
13,"Parí òwe Yorùbá yìí
 ""Bí oko bá dùn n ro ní .....""",Alágbèdẹ ò ní roko tà
14,"Kíni Yorùbá n pè ní ""èkùró""?",Kòkòrò ẹ̀wà
15,"Màá fún ẹ ní ẹ̀gbàá kì í jẹ́ kí ẹ̀gbàá níyì, ẹ̀gbèrún, mélòó lọ wà ní ""ẹgbàfà""?",Mẹ́fà
16,"Kíni ìtumọ̀ òwe Yorùbá yìí ""ààlà ni yóò fi oko òlẹ hàn""?","Ààlà ló máa fi hàn pẹ́, ọ̀le ló ń ṣe iṣẹ́ oko yí"
17,"Tí Yorùbá bá sọ pé ènìyàn n ""run ìlèpa,"" kínì ìtumọ̀ àkànlò-èdè yìí?",Iyẹ̀pẹ̀ tó kẹ́hìn iyẹ̀pẹ̀
19,Irú ìyàwó wo ni Yorùbá ń pè ní ìyàwó àbètẹ́lẹ̀?,Ìyàwó tí a tọrọ láti kékeré
20,"Ewe kan wà tí àwọn ara ilẹ̀ ìlà oòrùn ń pè ní ""ugwu,"" kínì orúkọ tí Yorùbá ń pè é?",Ewé Ìròko
22,"Parí òwe Yorùbá yìí
 ""Gbogbo àkàsù kọ́ ló ń fojú kan ẹ̀fọ́ .....""","Gbogbo ọmọ olóyè kọ́ ló ń joyè, gbgobo ọmọ ọba kọ́ ló ń dádé"
23,"Ìgbà làákòkò, igi làákòkò yàtọ̀ sí ìlú. Kíni Yorùbá n pè ní àkòkò?",Ẹyẹ
25,"Kíni Yorùbá ń pè ní ""òkùdù""?
 ""Wọ́n ní òkùdù tó pa ẹṣin lè pa ènìyàn.""",Kòtò tí a ti patì
26,"Kíni ọ̀rọ̀ Yorùbá fún ""accused"" àti ""suspect""?","Accused - Afẹ̀sùnkàn
 Suspect – Afurasí"
28,"Kíni ""court of appeal"" ní Yorùbá?",Ilé-ẹjọ́ kòtémilọ́rùn
30,"Tí ""reason"" bá jẹ́ ìdí ní èdè Yorùbá, kíni ""purpose""?",Èrèdí
31,"Kíni Yorùbá ń pè ní ""calendar""?",Kọ́jọ́dá
32,"Ibo ni àwọn Yorùbá máa ń pè ní ""ìlofi""?",Ibi tí ọba máa ń wà kí wọ́n tó lọ sí ìpèbí
33,"Àlọ́ oooo
 Óún sàìjó, ó ń fúnú ta, óún fẹ̀yìn ta, óún fọwọ́ ta. Kíni oooo?",Aláǹtakùn
34,"Kíni Yorùbá n pè ní ""ìrèmòjé""?",Orin tí a máa fi ń dárò ọdẹ
36,"Parí òwe Yorùbá yìí:
 ""Bí ọwọ́ eku bá ṣe mọ́ ..........""",...ló ṣẹ fi ń họra
37,Kíni ìyàtọ̀ láàrin àáró àti àgàdàgídì?,"Àáró - Ìfọ́wọ́sowọ́pọ̀
 Àgàdàgídì - Ọtí tí a fi ọ̀gẹ̀dẹ̀ àgbagbà ṣe"
38,"Kíni Yorùbá ń pè ní ""ọ̀wẹ̀""?",Òkèlè
39,"Parí òwe yìí
 ""Òní òkété lẹ́yìn àrọ̀, ọ̀la òkété lẹ́yìn àrọ̀ .....""","...bí ojú ò bá ti àrò, ó yẹ kí ojú ó ti òkété"
40,Fi idi pa igba,"Ẹni tó jókòó síbẹ̀, tí ó kọ̀ látì lọ"
41,"Kíni Yorùbá n pè ní ""Adam Apple""?",Gògóńgò
42,"Kíni ""Baobab tree"" ní Yorùbá?",Igi oṣè
43,"""Ají má pa òùngbẹ́ bí ewé kíni????""",Erinrin
44,"Kíni ""Shin Guard"" ní Yorùbá?",Ojúgun
45,"Àlọ́ oooo
 A fèrìn gba òré wọlé, a fi túlásí tíí bọ̀ síta. Kíni oooo?",Oúnjẹ òun ìgbọ̀nsẹ̀
46,"Àwọn Yorùbá bọ̀ wón ní ebi ní ń pa mọnámọná kú, kíni mọnámọná? Àti pé kíni ìdí tí a fi máa ń sọ wípé ẹ̀bì á pa kú?",Ejò
47,"Kíni ọ̀rọ̀ Yorùbá yìí túmọ̀ sí ""Kọ̀wọ́ bọ ẹérú""?",Olè(Thief)
48,"Kíni ọ̀rọ̀ Yorùbá yìí túmọ̀ sí ""ìlérò"" tàbí ""wọlé ìlérò""?",Ibi tí ọba máa ń wà kí wón tó lọ sí ìpèbí
49,"Parí òwe Yorùbá yìí
 ""Òlè tó jí kákàkí ọba..........""",Ówá ku ibi tí yíò ti fọn
50,Kíni ìyàtọ̀ láàrin amòfin àti agbófinró?,"Amòfin - Ẹni tí ó mọ òfin (Lawyer, Judge)
 Agbófinró - Ọlọ́ọ̀pá"
51,"Kíni ọ̀rọ̀ Yorùbá fún ""fork""?",Àmúga
52,"Àwọn wo ni Yorùbá n pè ní ""alájápá""?",Oníṣòwò
54,"""Kíni àwọn Yorùbá n pè ní 'orún'?""",Igi ọfà
55,"Ṣàlàyé ọ̀rọ̀ Yorùbá yìí ""èrèfé.""",Ọ̀rọ̀ tí a sọ lórí ahọ́n lásán
56,"""Ewé wo ni Yorùbá n pè ní 'ojú oró'? Níbo lati ń rí?""",Orí omi
57,"""Kíni 'biased' ní Yorùbá?""",Òróǹro
58,"""Kíni ọ̀rọ̀ Yorùbá fún 'bile'?""",Ojúṣàájú
59,"""Dárúkọ ìwé ìròyìn tí ó kọ́kọ́ jáde ní èdè Yorùbá.""",Ìwé ìròyín fún àwọn Ẹ̀gbá àtí Yorùbá ní 1859
60,"Àrokò jẹ́ ọ̀nà tí a fi ránṣẹ́ sí ènìyàn míràn, tí ìtumọ̀ rẹ̀ jẹ́ àsírí láàrin ẹni tí o paá àti ẹni tí a fi ránṣẹ́ sí.
 Tí wọ́n bá fi ""eso igi"" ránṣẹ́ sí ènìyàn, kí ló túmọ̀ sí?",Ààrùn(Sickness)
61,"""Àwọn wo ni Yorùbá n pè ní 'agbékútà'?""",Ọmọ jàndùkú
62,"""Ìlú wo ní ilè Yorùbá ni wọ́n ti ń ṣe òdún 'ọlọ́jọ́'?""",Ilé-ifẹ̀
63,"""Kíni Yorùbá n pè ní Aditu.....""",Ọrọ tó ta kókó
64,"""Parí òwe yìí: Ebí ń pamí ọlọ́ṣẹ ń kiri ...""","Aó kọ́kọ́ fọ tinú, kí a tó fọ tòde"
65,"""Kíni àkọ́lé orúkọ ọba ìlú èdè?""",Tìmí
66,"""A sọ̀rọ̀ kéle b'ojú wo'gbé ...""","Ìgbẹ́ kìi rò, ẹni a bá wí fún ni ń ṣekú pa ni"
67,"""Parí òwe yìí: Aní kó mu wá, ó ní kòsí ...""",Ahun ni ẹni náà lójú alágbe
68,Who wrote the poem “Ìṣẹ́ lògún Ìṣẹ́” and in what year?,Bàbá D.F. Ọdúnjọ
69,Igba Iwase,Ayé Àtíjọ́
70,"""Kíni ọ̀rọ̀ Yorùbá fún 'Barber'?""",Onígbàjámọ̀/Gẹrígẹrí
71,"""Kíni ọ̀rọ̀ Yorùbá fún 'Brass'?""",Idẹ
72,"What is the yorùbá word for ""bait"" ?",Ìjẹ
73,Àkókò wo ni Yorùbá n pè ní Ìyálẹ́ta?,Ago mọ́kànlá àárọ̀ sí méjìlá ọ̀sán
74,"What is ""gizzard"" in Yorùbá ?",Iwe
75,"Kíni Yorùbá n pè ní ọjọjọ 
 kíní wọ́n fiì n ṣe?","Oúnje ilé Yorùbá, Iṣu ewùrà ni a fi ń ṣé"
76,"Nínú Eto ẹbí ní ilẹ̀ Yorùbá 
 kíní Yorùbá n pè 
 half siblings from the same father?",Obà kan
77,"Parí ọ̀wé yìí 
 Abánimúàdiyẹ a fi orókun bó, 
 bí owó bá ba Adiyẹ.....",a ó gbé adìye fún ẹni tó ní
78,"Parí ọ̀wé yìí 
 Tàkúté tí o pa l'áginjú a pé 
 lókò kí wọ́n to gbe wá sí ilé....",A pẹ́ lóko kí ó tó wá sílé
79,Iru ọmọ wo ni a n sọ ní òní?,Ọmọ tí kò sukún nígbà tí a bi
80,"Kini Yorùbá n pè ní ""àpọ́n""",Kóró inú èso òro
82,Oṣù wo ní oṣù òwàrà?,Oṣù kéwàá
83,"Kini ọ̀rọ̀ Yorùbá yìí túmọ̀ sí ""Oódẹ""?",Olófòófó
84,"Ooni Adeyeye Enitan Ogunwusi (Ọjájá II) ní Ooni ti Ife bayi 
 “kíni orúkọ ọba to jẹ kí wọ́n to jẹ”?",Aláyélúwa Ọba Okùnádé Ṣíjúwadé Olúbùṣe 2
85,"Kínì ìtumọ̀ àkànlò-èdè yìí? ""Farajìn""",Kí ènìyàn fi ara rẹ̀ sílẹ̀ fún nkan bóyá ẹsìn tàbí ìsìn
86,"Àrokò jẹ́ ọ̀nà tí a fi ránṣẹ́ sí ènìyàn míràn tí ìtumọ̀ rẹ̀ jẹ́ asiri láàrín ènìyàn tí o paá àti ènítí a fi ránṣẹ́ sí tí wọ́n bá fi ""owó eyo"" ránṣẹ́ sí ènìyàn Kí ló túmọ̀ sí?",Owó ń bọ̀
87,Ebí ń pa èjò ahun ń yan....,Àtahun àtejò ẹran jíje ni
88,"Yato si efon, kini Yoruba n pe mosquito",Yànmùyánmú
89,"Kíni iyatọ láàrin ""èsìn àti àṣà""?","Àṣà (Ìṣe)
 Ẹ̀sìn(Ọ̀nà láti bọ Elédùmarè)"
90,"Parí òwe yìí 
 Tí a kò bá rí owó rà ẹrù...",Aó sọ ẹran ẹni lórúko
91,"Kíni Yorùbá n pè ní ""Experience""?",Ìrírí
92,"Kíni Yorùbá n pè ní ""Bachelor""?",Àpọ̀n
95,"""Kíni ọ̀rọ̀ Yorùbá fún 'Corncob'?""",Fùkù
96,Kíni Àwọn yorùbá n pè ní òṣìbàtà?,Ewé orí omi
97,"Lò àwọn ọ̀rọ̀ márùn yìí nínú gbólóhùn kan 
 ""patú, panumó, pààrò, pámóra, pa ohun dà""","Arábìnrin náà patú, o sì panumọ́, ó pààrọ̀ aṣọ, ó pámọ́ra, kòsì pa ohùn dà"
98,Kíni ìyàtọ̀ láàrin jígí àti dígí?,"jígí(eye glass)
 dígí(mirror)"
99,"Kíni ìtumọ̀ àkànlò-èdè yìí ""Sòròṣágbòn""",Kí èyàn sòrò fún Olófòófó
100,"Kíni ọ̀rọ̀ Yorùbá fún ""circle""?",Òbìrìkìtí
101,"Àwọn wo ni Yorùbá n pè ní ""Ìwẹ̀fà""?",Àwọn tí wọ́n wà ní àgbàlá ọba tí wọ́n ń tọ́jú àwọn ayaba láyé àtijọ́
102,"Kíni Yorùbá n pè ní ""Ìdàndá?","Mirage
 Ohun tí a ń wó ní ọ̀ọ́kán, tí kìí ṣe òhun"
103,"Kíni Yorùbá n pè ní ""transmitter""?",Alátagbà
104,"Kíni Yorùbá n pè ní ""valley""?","Kíni Yorùbá n pè ní ""valley""?"
105,"Parí ọ̀wẹ Yorùbá yìí 
 ""àràkún láṣọ̀ Gbági ..........""",aṣọ làáwọ̀ lọ raṣọ
106,"Níbo ní ilẹ̀ Yorùbá ní ""igbó elẹ́dùmarè"" wà?",Ìpínlẹ̀ Oǹdó(Òkè Igbó)
107,"Kíní ìtumọ̀ ọ̀rọ̀ yorùbá yìí ""làìdẹ́ìnà pẹnu""?",Láì fi ọ̀pá pọ̀lọ̀pọlọ pejò (in a nutshell)
109,kíni ìyàtọ̀ láàárin Adélébò àti Abilékọ?,"Adélébọ̀: Obìrin tó ti lọ́kọ rí
Abíléko: Obìrin tó wà nílé ọkọ"
110,"Ọ̀rẹ́ ńjẹ́ ọ̀rẹ́, ọ̀rà ńjẹ́ ọ̀rà, 
 ẹnikan kìí dúpẹ́ lọ́wọ́ mọ ta ọ̀pọ̀ 
 Kí ni iyato to wa láàrín ọ̀rẹ́ àti ọ̀rà?","Ọrẹ(Ohun tí a fún ni ọ̀fẹ́)
 Ọrà(Ohun tí a fowó rà)"
111,"Parí òwe Yorùbá yìí, 
 Aṣòróójà bí ìjà ọjà, onítìjú òní sá.........",Ẹni tí wọ́n ń nà ò ní dáwó dúró
112,"Parí òwe yì: 
 Ebí ń pamí olóṣè ń kiri.....",Àwọn tí wọ́n ń ta iyanrì(sand)
113,A kii moogun moote...,Kí iṣu ewùrà má lémọ
114,"Kíni Yorùbá n pè ""Empowerment""?",Ìrónilágbára
115,"Kíni ""Misconception"" ni Yorùbá?",Àṣìrò
116,"Kíni ""Creative"" ni Yorùbá?",Àtínúdá
117,"Kíni ""Appreciation"" ni Yorùbá?",Ìmọ-ore
118,"Kíní yoruba n pè ní ""àkànnàmàgbò""?",Ewéko
119,"Kíní Yorùbá ọ̀rọ̀ yìí ""cheese""?",Wàràkàsí
120,"Parí òwe yìí 
 ""Tí ojú bá pón àgàn.......""",Ó lè dá àbá àbíkú
121,"Kíní Yorùbá ọ̀rọ̀ yìí """"baboon""""?",Ìlábùrù
122,"Parí òwe Yorùbá yìí 
 ""Ohun tí n wuni ni n pò lórò eni..........""","Ológún ẹrú kú, aṣọ ẹ̀ jẹ́ ìkan"
123,Irú Ìyàwó wo ni Yorùbá ń pè ní Ìyàwó àbètélẹ,Ìyàwó tí a tọrọ ní áti kékeré
124,"Kíni Yorùbá n pè ""Egòn""?",Igbó kìjikìji
125,"Parí òwe Yorùbá yìí 
 ""Ìyà méjì kìí jẹ òkóbó""","tí ò bá lókó, á lóko(farm)"
126,"Àwọn wo ni Yorùbá n pè ní ""arota""",Ẹrú
127,"Kíni Yorùbá n pè ní ""Ìkìsà"" ?",Àgbọ̀nrín
128,"Kíni Yorùbá n pè ní ""àrándùn""?",Àsodùn
129,"Kíni Yorùbá n pè ní ""Kokonboju""?",Ilà kíkọ tí a kò lè fi dá ènìyàn mò
131,"Níbo ní ilẹ̀ yorùbá ní ""adágún odò orí àpáta"" wà?",Àdó-Àwàyè
132,"Kí ni Yorùbá n pe ""Flask""?",Ṣágó
134,"Àwọn wo ni Yorùbá n pè ní ""alákàtànpọ̀""",Àwọn tafàtafà
135,"Kíni ọ̀rọ̀ Yorùbá fún ""Spinster""?",Omidan
136,"Tí Yorùbá bá pe obìnrin ní ""ajáìdí apèrè"" kí ló túmọ̀ sí?",Obìnrin tó ń ṣèṣekúṣe
137,Kíni ọ̀rọ̀ Yorùbá fún 'Savannah'?,Ọ̀dàn
138,"Kíni Yorùbá n pè ní ""òkùdù""
 ""wón ní òkùdù tó pa ẹṣin lè pa ènìyàn""",Kòtò àgbẹ́kù
139,"Parí òwe Yorùbá yìí 
 ""àgbà tí ó bá fi arúgbó ara kọ ìlú""",Ọ̀mẹ́lẹ́ ni wọ́n máa ń sán kú
140,"Kíní òrò Yorùbá fún ""Camwood""?",Osùn
141,"Kíni Yorùbá n pè ní ""èkùró""?",Kòkòrò ẹ̀wà
142,"Kíní ìtumọ̀ ọ̀rọ̀ Yorùbá yìí ""Láì Déèna pẹnu""?",Láì fi òpá pọ̀lọ̀pọlọ pejò (in a nutshell)
143,"Yorùbá máa ń pa èdè kan wípé agbe ní n gbé ire pàdé olókun, kínì ""agbe""?",Ẹyẹ
145,"Kíní orúkọ míràn tí Yorùbá n pe ""kókó inú ìyán""?",Emọ
146,"Ọmọ aládìye ògògòmògà, ìlú wo ni wọ́n ma n kí oríkì wọn bẹ́ẹ̀?",Ìjèbú
147,"Àwọn wo ni Yorùbá n pè ní ""aláàgbédá""?",Oníjìbìtì
148,"Kini Yorùbá n pè ní ""Aga""?dodo",Caution sign
149,"Àlò oooo
 'Ìyá rúgúdú pọ̀nmi sínú, ó wọ̀ ẹ̀wù irin'
 kíni oooo??",Èkùrọ́
150,"Kini Yorùbá n pè ní ""Akéte""?",Ibùsùn
151,Kíni ṣe èyọ̀ túnmọ̀ sí ní èdè Yorùbá?,Kí èyàn lọ tọ̀
152,Kíni 'law enforcer' ní Yorùbá,Agbófinró
153,"Kini òrò Yorùbá yìí túnmọ̀ sí ""Alàdìí fonórù""?",Ilé ti to lo (time to go home)
154,Kíni à ń pè ní 'àmù' ní ilé Yorùbá?,Ikoko ti won maa n bu omi si
155,Ṣàlàyé ọ̀rọ̀ yìí 'ìsákọ̀lè',Owó tàbí ẹ̀bùn tí ènìyàn máa n fún ní bíi ọ̀pẹ̀
156,"Parí òwe yìí
 Ẹni tí ń walẹ̀ ní ń sínkú....","Ẹni ń súkùn, ariwo lasan ni ń pa."
157,"Kini itumo oro yoruba yii
 Omi gbigbona kìí jólé","Kòsí bíi nkan bà ṣe lè tó, ó ń bò wá dérò."
158,"Parí òwe Yorùbá yìí ""Ọhun tí ń wuni ni n pò lóro ènìyàn","Ológun ẹrú kú, aṣọ è jẹ́ ìkan"
159,"Kíni ìyàtọ̀ láàrin ""ìlábùrù àti abilà""?","Ìlábùrú - Baboon
Àbìlà  - Zebra "
160,"Tí 'fast' ba jẹ́ yàrà
 Kíni ọ̀rọ̀ Yorùbá fún 'slow'?",Yíyọ́ (yọ́)
161,"Lo àwọn ọ̀rọ̀ márùn ún yi nínu gbólóhùn kan
 “dárayá, faraya, kíyèésárà, fáramó, fáramó”","Mo lọ sí eré ìdaŕayá kan, níbití ẹni tó gbàwá lálejò ti faraya, nítorí kò kíyèsara tí ohun tó ṣelè sì ṣeé faramọ́"
162,"Parí òwe Yorùbá yìí
 ""apàtẹ̀wọ́ fún wèrè jó.........""",òhun àti wèrè ìkan ni wọ́n
163,"Parí òwe Yorùbá yìí
 ""A kìn pa òdu òyà loju òtá ènìyàn ....""",ọmọ elébọ́rọ́ lásán lapa
164,"Parí òrọ Yorùbá yìí
 ""Nítorí afójú ní òjò ṣe n kú, nítorí adití ní òjò ṣe n ṣe kíni?",Ṣú
165,Kíni Yorùbá n pè ní 'òbèlè'?,Ọkọ̀ ojú omi (Canoe)
166,Kíni òrò Yorùbá fún ẹranko yìí 'potto'?,Ikì
167,"""Irú ọmọ wo ni Yorùbá n sọ ní 'Ojúólápé'?""",Àbígbẹ̀yìn ọmọ
168,"Ìdúró ò sí, ìbèrè ò sí f’ẹni tó gbódó mì.
 Irú ènìyàn wo ni a lè pè ní a gbódó mì?",Ẹni tó wà nínú wàhálà
169,"Tí Yorùbá bá sọpé kò sí àbùjá lóòrùn ọpẹ, kíni àbùjá?",Ọ̀nà èbùrú
170,What's the Yorùbá word for 'Eagle'?,Idì
171,"Parí òwe yìí 
 ""Didùn ló dùn tí a fi bá òré jèkò......",ti ilé oge tógeé jẹ
172,Kíni ọ̀rọ̀ Yorùbá fún 'Bribe'?,"Rìbá, Owó ẹ̀yìn, Ṣọwọ́ kúdúrú, Ẹ̀gúnjẹ"
173,Irú òunje wo ni Yorùbá n pè ní 'ọ̀jọ̀jọ̀' kíní òun pàtó tí wọn fi n ṣe?,"Oúnjẹ ilẹ̀ Yorùbá, Isu ewura ni a fi n se"
174,"Parí òwe Yorùbá yìí
 'Ẹmó kù ojú ọpò dí ....'","bí àfẹ̀rẹ̀bòjò bá kú, ẹnu isà á ṣòfo"
175,Kíni àwọn Yorùbá n pè ní “kolokóló”?,Ohun tí a máa ń fi sí ọrùn ajá bíi ṣaworo
176,Yorùbá bò wọ́n ní 'lálá tó ròkè ìlè lón bò' kíní 'lala'?,Ilá
177,Kíni ọ̀rọ̀ Yorùbá fún 'Guinea-worm'?,Sòbìyà
178,Kíni ọ̀rọ̀ Yorùbá fún 'Lungs'?,Fùkù
179,Àwọn wo ní Yorùbá ń pè ní 'adídàgìrì'?,Alarmist
180,Kíni àkólé orúkọ ọba ìlú Ọndó?,Òṣemàwé
182,"Òwe Yorùbá kan ní Ijapa wọnú orù, ó ku àtiyọ 
 Kíni Yorùbá n pè ní 'orù'?",Ìkòkò
183,"Kíni Yorùbá n pè èranko yìí ""Skink""?",Aláyùnbẹ́rẹ́
184,Kíni Yorùbá n pè ní 'ìrèmòjé'?,Orin tí a máa fi ń dárò ọdẹ
185,"Lo àwọn ọ̀rọ̀ márùn yìí nínu gbólóhùn kan
 ""Fiséyìn, fiséyìn, fèýinti, èyìnodi, owó èyin.""",
186,"Parí òwe Yorùbá yìí
 ""mà fi oko mi dà ònà.......""",Ọjọ́ kan là á ko
187,"Kíni òrò yorùbá fún ""Century""?",Ọrúndún
188,"Kini ìtumò òrò Yorùbá yìí ""isọgbè""?",Aláàbárìn
189,"Parí òwe Yorùbá yìí
 ""Bi owó eku bá ṣe mó ..... """,ló ṣe máa fi họra
190,Kíni òrọ yorùbá fún 'Bomb'?,Àdó-olóró
191,"Tí àkùkò bá jẹ́ 'cock' tí àdìyẹ jẹ́ 'chicken', kíni 'chick' Ní Yorùbá?",Òròmadìye
192,"Parí òwe yìí: 
 'Àgbàtán là ń gba òlé, bí a dáso fún òlé à pa láro...'","Bí a bá la ọ̀le níjà, àá sín délé"
193,"Parí òwe yìí:
 'àgbà tó fi arúgbó ara kó ìlù....'",Omele ni wọ́n máa ń sán kú
194,"Kíni òrò Yorùbá fún ""pilfering""?",Àfọ́wọ́rá/Fẹ́wọ́
195,"Kíni Yorùbá n pè èranko yìí ""tree hyrax""?",Ọ̀fàfà
196,Kíni Yorùbá pè ní èbìrìpò?,Oúnje ilẹ̀ Yorùbá
197,"Parí òwe yìí
 ""Dátóró dàtòrò dátóró""","Àgbà tí ò bá dátọ́rọ́, omi ọbè láá mu"
198,"Parí òwe yìí
 ""akíì Fura sí ẹni à ń bá rìn""",ẹni a fura sí ló gba ká yẹra
199,"Kíni Yorùbá n pè
 ""animal shell""?",Ìkarahun
200,Àwọn wo ni Yorùbá ń pè ní Agbefọba,Agbófinró
201,"Parí òwe yìí.""
 ""àìsàn là ń wò......",ẹnìkan ò rí tọlọ́jọ́ ṣe
202,Parí òwe yìí 'ẹjọ́ a fẹnì lóbinrin là ńwí...',A kìí wíjọ́ afẹ́nilọ́mọ
203,Kíni ìtumò òrò Yorùbá yìí: 'Èkó èlèkò ní ègbà èlégbà?',"Ǹkan tí ìwọ bá kọ́, ẹlòmíràn lè gbàá"
204,Parí òwe yìí 'ti aáyán bá sí ìjọ́ jó...',Ó máa farakásá adìyẹ
205,Tí Yorùbá bá fi ènìyàn wé 'eye Ìbáká' irú ènìyàn wo ni ènìyàn náà jẹ?,Elẹ́jọ́wẹ́wẹ́
207,"Atulé má dè yìn, ní túlé kan aáyán funfun.
 Kí ni Yorùbá n pè ní ""aáyán funfun""?",Òku ẹ̣̀nìyàn
208,Kíni 'music album' ni Yoruba?,Àwo orin
209,"Pari Òwe yìí: Akòtàgìrì ẹjọ, àgbà tí ó rí ẹjọ tí kò sá,..........",Ara ikù ló ń ya
210,"Kíni Yorùbá n pè ní ""Fence""?",Odi
211,Iru Àwọn wo ni a ma n pè tàbí sọ ní 'máàlà olú'?,Àwọn Ọlọ́bàtálá
212,"Igbó ọ̀rà jẹ́ ìlú tí wọ́n ti ń bí ìbejì jùlọ ní gbogbo àgbáyé
 'kíni àkòrí orúkọ ọba ìlú igbó ọ̀rà'",Olú
213,Kíni àkólé ọba ìlú Ìbàdàn?,Olúbàdàn ti ìlú Ìbàdàn
214,Tani Yorùbá gbàgbó pé ó jẹ̀ bàbá Yorùbá?,Odùduwà
215,Fi àmín sí orọ̀ yìí “Aimoore”,Àìmoore
216,"Kíni ""Airport"" ní Yorùbá?",Pápákò òfurufú
217,"Kíni ""Air Conditioner"" ní Yorùbá?",Ẹ̀rọ Amúlétutù
218,"Kíni ""Turkey"" ní Yorùbá?",Tòlótòló
219,"Kíni ""Chameleon"" ní Yorùbá?",Ọ̀gà
220,"Kíni ""Soft Drink"" ní Yorùbá?",Ọtí Ẹlẹ́rìndodò
221,"Kíni ""Generator"" ní Yorùbá?",Ẹ̀ro Amúnáwá
222,"Kíni ""Negotiation"" ní Yorùbá?",Ìdúnádúrà
223,"Sàlàyé òwe yì: 
 A kìí fi ẹ̀jẹ̀ sínú kí á tu itọ́ funfun jade.",Ótúmò sí pé ohun tí ènìyàn bá ní sínú ló máa sọ jáde
224,"Sàlàyé òwe yì: 
 ""Nítorí adití ni ojó se ńsú, nítorí afọjú ni ó ṣe ńkù.""
 What are they trying to say?","Àpẹre wà fún ohun gbogbo, tí ó bá ti gbọ́, o ṣáa máa ri"
225,"""Sàlàyé òwe yì: 
 Eni to ba mo idi oran tele ni n bu abuja eke",
226,"Pari Òwe yìí: ""Àrùn tí ńṣe Ogójì ní ńṣe Odunrun""","Ohun tó bá ṣe Abọ́yadé, gbogbo ọlọ́ya ló ń ṣe"
227,"Parí òwe yìí: 
 ""A kìí bọ́ sọ́mí tán...""",Kí á máa kígbe òtútù
228,"Kíni ìtumọ̀ òwe Yorùbá yìí:
 Apàtẹ́wọ̀ fún wèrè jó, ohùn àti wèrè ọ̀gba",Ǹkànkan ni wèrè àti ẹni tí óhún pàtéwọ́ fún wèrè
229,"Kíni ìtumọ̀ òwe Yorùbá yìí:
 A kì í dá ẹrù ikùn pá orí.",A kò lè gbé ẹrù ẹlẹ́rù sórí kí á fa tiwa sọ́wọ́
230,"Kíni ìtumọ̀ òwe Yorùbá yìí:
 A kìí du orí olórí káwòdì gbé t’eni lọ.",Ti ara ẹni làá kọ́kọ́ jà fún kótódi torí olórí
231,"Kíni ""Thumb"" ní Yorùbá?",Àtàǹpàkò
232,"Kíni ""Mirror"" ní Yorùbá?",Dígí
233,"Kíni ""Sweet Potato"" ní Yorùbá?",Ànàmọ́
234,"Kíni ""Microphone"" ní Yorùbá?",Gbohùngbohùn
235,"Kíni ""Glasses"" ní Yorùbá?",Jígí/Ìgò-ojú
236,"Kíni ""Subsidy"" ní Yorùbá?",Owó ìrànwọ́
237,"Kíni ""Law Enforcer"" ní Yorùbá?",Agbófinró
238,Kíni ìtúmọ̀ Balógun?,Baba lójú ogun -–Olórí ogun
239,"Kínì ìtumọ̀ àkànlò-èdè yìí? ""Bode pade""",Rírí tajé ṣe
240,"Kínì ìtumọ̀ àkànlò-èdè yìí? ""Ponmi si ajadi apere""",Ṣíṣe àṣedànù
241,"Kínì ìtumọ̀ àkànlò-èdè yìí? ""Fi enu ko""",Ṣíṣi ọ̀rọ̀ sọ
242,"Kínì ìtumọ̀ àkànlò-èdè yìí? ""Fimu finle""",Ṣíṣe ọfíntótó
243,"Kíni ""Procastination"" ní Yorùbá?",Fènídọ́la
244,"Kínì ìtumọ̀ àkànlò-èdè yìí? ""Juba ehoro""",Sálọ
245,"Kíni ""Eleven thousand"" ní Yorùbá?",Ẹgbẹ̀rún Mọ́kànlá
246,"Parí òwe yìí: Àfọ̀mọ́ ńṣe ara è,...",Óní òhun ń ṣe igi
247,"Sàlàyé òwe yì: 
 A ń gba ọ̀ròmọ adìyẹ lọ́wọ́ ikú, òní wọn ò jẹ́ kí ohùn re àkìtán lọ jẹ.",Ọmọdé ò mọ̀ pé àgbàlagbà ń gba òhun lọ́wọ́ ohun tí ó lè pa òhun lára
248,"Sàlàyé òwe yì: 
 Afẹ́fẹ́ ńda ológi láámu; oníyẹ̀fun má ja’fira","Bí afẹ́fẹ́ bá lè da ògì sọnù, oníyẹ̀fun nílò látìi múra gidigidi"
249,Parí òwe yìí: 'A fasẹ̀ gbèjò ...,Ó ń tan ara rè je
250,"Kíni ""Local Government"" ní Yorùbá?",Ìjọba ìbílẹ̀
251,"Àrìngbèrè ni yó múú oyè délé; asárétété ò róyè jẹ.""
 Kíni ìtúmọ̀ òwe yìí?",Kí á máa sáré jù. Iṣẹ́ kọ́ lowó
252,"Àpà èèyàn ò mọ pé ohùn tó pọ̀ lé tán.""
 Kíni ìtúmọ̀ òwe yìí?","Kòsi bí owó ṣe pọ̀ tó, yíò tán lọ́jọ́kan"
253,"Jọmíjọmí òkú ọ̀rọ̀ níí sọníí dà
 Kíni ìtúmọ̀ òwe yìí?",Ìkà ni ẹni tí ó fẹ́ kí gbogbo ènìyàn jọ òhun
254,"Ìwọ̀n ni ẹni tí ó gun ẹlédè ńyọ̀ mọ́; ẹni tí ó gun ẹsin pàápàá ilé ló ń bò.""
 Kíni ìtúmọ̀ òwe yìí?",Kí a máa ní ìgbéraga
255,"Kíni ""Palm"" ní Yorùbá?",Atẹlẹwọ́
256,"Kíni ""Ostrich"" ní Yorùbá?",Ògòǹgò
257,"Kíni ""Text Message"" ní Yorùbá?",Àtẹ̀jíṣé
258,"Kíni ""Video"" ní Yorùbá?",Fọ́rọ́n
259,"Kíni ""Perform well"" ní Yorùbá?",Fakọyọ
260,"Kínì ìtumọ̀ àkànlò-èdè yìí? ""Gbo agboya""?",Gbọ́ ǹkan lódì
261,"Kínì ìtumọ̀ àkànlò-èdè yìí? ""Gbe ayan mi""?",Lóyún
262,"Kínì ìtumọ̀ àkànlò-èdè yìí? ""Eti keta""?",Ará ìta
263,"Sàlàyé òwe yì:
 Wọ́n ní, ""Afọjú, o ò tanná alẹ́"" ó ní àtọ̀sán àtọ̀ru, èwo lóún rí níbẹ?",Kò mọ́pọlọ wá lati sọ fún afọ́jú pé kí ó taná yálà ní àárò tàbí lálẹ́
264,"Sàlàyé òwe yì:
 Àjànàkú kúró l’ẹ́ràn à ń gọ̀ dé",Erin tóbi ju ẹranko tí a máa farapamọ́ fún
265,"Kíni ""Health"" ní Yorùbá?",Ìlera
266,"Kíni ""Knee"" ní Yorùbá?",Orókún
267,"Kíni ""Plate"" ní Yorùbá?",Abọ́
268,"Kíni ""Earring"" ní Yorùbá?",Yẹtí
269,"Kínì ìtumọ̀ àkànlò-èdè yìí? ""Oba waja""",Ọba ti kú
270,"Kíni ""500"" ní Yorùbá?",Ẹ̀ẹ́dẹ́gbẹ̀ta
271,"Kíni ""Conspiracy"" ní Yorùbá?",Ọ̀tẹ̀
272,"Kínì ìtumọ̀ àkànlò-èdè yìí? ""Te oju ile mole""",Ṣe ẹni tí ò ní gbẹ́bẹ̀
273,"Kínì ìtumọ̀ àkànlò-èdè yìí? ""Fara kasa""",Farapa
274,"Kínì ìtumọ̀ àkànlò-èdè yìí? ""Firufona""",Wà nínú wàhálà
275,"Kínì ìtumọ̀ àkànlò-èdè yìí? ""Ko oro je""",Fagilé ohun tí a sọ
276,"Kínì ìtumọ̀ àkànlò-èdè yìí? ""Lo se eyo"" (Ease one self)",Lọ tọ̀
277,Kíni Yorùbá n pè ní 'kùkùté'?,Ageku igi
278,Fi àmí sí òrò yìí Oloopa,Ọlọ́ọ̀pá
279,"Kíni ""Whirlwind"" ní Yorùbá?",Àjà
280,Parí òwe yìí: 'Àígbọ́fá làá wòkè ...,Ifá kan ò sí ní párá
281,Fi àmí sí òrò yìí 'Lataarọ',Látàárọ̀
282,Kíni Yorùbá ń pè 'catapult' or 'sling'?,Kànnàkánná
283,"Kínì ìtumọ̀ àkànlò-èdè yìí? ""Na pápá bora""",Sálo
284,"Kínì ìtumọ̀ àkànlò-èdè yìí? ""Ìfétíléko""",Retí èsì tàbí ìdáhùn làti ibìkan
285,"Kínì ìtumọ̀ àkànlò-èdè yìí? ""Tanilolobo""",Sọ̀rọ̀ fún èèyàn ṣáájú ǹkan tó fẹ́ ṣẹlẹ̀
286,"Kíni ""Bear"" ní Yorùbá?",Ọ̀fàfà
287,"Kíni ""Camel"" ní Yorùbá?",Ràkúnmí
288,"Kíni ""Gorilla"" ní Yorùbá?",Ìnàkí
289,"Kíni ""Hippopotamus"" ní Yorùbá?",Ẹrinmí
290,"Sọ ìtumọ̀ òwe yìí:
 Ènì tó torí òtútù fi ọ̀mòrí odó yáná kò gbọ́dọ̀ retí àti jẹ̀yàn","Kí ènìyàn máa ṣe ohun tóyẹ kó ṣe, kí ó sì máa retí èsì"
291,"When the elders say:
 Dátóró dátóró dátóró, àgbà tí kò dátóró, omi ọbẹ̀ láámu.
 What does it mean?""",Àgbà tí kò ṣe ojúṣe kò ní rí owó tàbí ohun tó tọ si gbà
292,"Parí òwe yìí:
 Ìbínú kò ṣe nkan...",Sùúrù ni baba ìwà
293,"Parí òwe yìí:
 ọmọ kò láyòlẹ..",
294,"Kíni ""Communication"" ní Yorùbá?",Ìbáraẹnisọ̀rọ̀
295,Ṣàlàyé Orúkọ yìí: òkánlàwọ́n,Ọmọ obìnrin tàbí okùnrin tí a bí la àwọn ọmọ tókù ní ìdílé kan
296,"Kíni ""Addiction"" ní Yorùbá?",Bárakú
297,Kíni 'formal letter' àti 'informal letter' ní Yorùbá,"Lẹ́tà Gbẹ̀fẹ́ - Informal
 Lẹ́tà Àìgbẹ̀fẹ́ - Formal"
298,"Kíni ""Fiancee"" ní Yorùbá?",Àfẹ́sọ́nà
299,"Kínì ìtumọ̀ àkànlò-èdè yìí? ""Eja n bakan""",Látì fi mọ̀ bóyá ǹkan tí a lérò ló bọ́ sí tàbí ìdàkejì
300,"Kínì ìtumọ̀ àkànlò-èdè yìí? ""Ikalaya""",Ohun tó kọjá agbára
301,"Kíni ""Ass"" ní Yorùbá?",Kẹ́tẹ́kẹ́tẹ́
302,"Kíni ""Bat"" ní Yorùbá?",Àdán
303,"Parí òwe yìí.
 Eni yá ẹ̀gbẹ̀fà tí ò san",Ó ti gbẹ́gi dínà egbèje
304,"""Ọjọ wo, oṣù wo ni a dá Ìpínlẹ̀ Òndó.""","Ọjọ́ Kẹta, Oṣù Èrèlé (03/02)"
305,"Kíni ""Entrepreneurship"" ní Yorùbá?",Ìṣòwò
306,"Kíni ""Job Interview"" ní Yorùbá?",Ìfọ̀rọ̀wánilẹ́nuwò fún iṣẹ́
307,"Kíni ""Screen"" ní Yorùbá?",Atẹ agbàwòrántàn
308,"Kíni ""Insurance"" ní Yorùbá?",Adójútòfò
309,"""Parí òwe yìí.
 Igi gògóró má gún mí lójú...""",Àtòkèèrè làti lọ́
310,"Kíni ""Shares"" ní Yorùbá?",Ìpín okòwò
311,Ta ló kọ ewì “Ìṣẹ̀ l’ògún Ìṣẹ̀” àti ní ọdún wo?,J.F. Ọdúnjọ - 1950
312,"Kíni ìtumọ̀ “The fall of Naira, the rise of entrepreneur” ní Yorùbá?","Ìṣúbù Nàírà, ìgbésókè àwọn oníṣòwò"
314,"Parí òwe Yorùbá yìí
 Títa rírò là ń kòlà...",Tó bá jiná tán á doge
315,Tani Gómìnà alágbádá àkọ́̀kọ́ ní Ìpínlẹ̀ Òndó?,Olóyè Michael Adékúnlé Ajáṣin
317,"""Aláké"" is to Ègbá, what is the title of the king in ""Oshòdì town"" of Lagos State?",Kòsọ́ba lóṣhòdì
318,"Kíni ""Private Company"" ní Yorùbá?",Ilé-iṣé aládàni
319,"Kíni ""Mentor"" ní Yorùbá?",Àwòkọ́se
320,What is the meaning of this ancient word 'Nínú ẹ̀gbin ni ọlá ń gbé'?,"Tí ènìyàn bá fẹ́ ní ọlà, ó gbùdọ̀ ṣe ohun tí yíò mú ohun ìwòsí tàbí ìdọ̀tí báa"
321,Kíni ìtumọ̀ ọ̀rò yìí 'ìwọfà'?,Ẹrú
322,Kíni 'àdìrò' túmò sí?,Orí ibi tí a ti máa ń dáná
323,Kíni 'ídán' túmò sí ní èdè Yorùbá?,Ohun tí a ṣe tí ó ṣe ènìyàn ní kàyéfì
324,Kíni ìgìrìpá/gìrìpá túmò sí? Njẹ́ o le ṣàlàyé?,Àwọn tó ga
325,"Kíni ""Crab"" ní Yorùbá?",Akàn
326,Kíni à ń pè ní 'òtítà'?,Àpótí
327,"Kíni ""pig"" ní Yorùbá?",Ẹlẹ́dẹ̀
328,"Kíni ""pot"" ní Yorùbá?",Ìkòkò ìdáná
329,"Kíni ""fox"" ní Yorùbá?",Kọ̀lọ̀kọ̀lọ̀(Ajá igbo)
330,"Kíni ""sheep"" ní Yorùbá?",Àgùntàn
331,"Kíni ""House of representatives"" ní Yorùbá?",Ilé ìgbìmọ aṣójúṣòfin
333,"Sàlàyé òwe yì: 
 Ènì rúbọ òrìṣà á gbọ́dọ̀ rú ti èèyàn kí ẹbọ ó tó gbà",Irú ẹni bẹ́ẹ̀ gbúdọ̀ tẹ́ àwọn ènìyàn ní àyíká rẹ̀ lọ́rùn
334,"Parí òwe yìí:
 'Àjọ kìí dùn...'",Kódídẹ́ má rèwò
335,"Parí òwe yìí:
 Ènì tí yóò mu ẹkọ́ fòró..",
336,"Kínì ìtumọ̀ àkànlò-èdè yìí? ""Feraku""?",Lóyún
337,"Kínì ìtumọ̀ àkànlò-èdè yìí? ""Terigbaso""?",Ṣe aláìsí
338,"Kínì ìtumọ̀ àkànlò-èdè yìí? ""Fakoyo""?",Ṣe dáradára
339,"Kínì ìtumọ̀ àkànlò-èdè yìí? ""Fi oju oloore gungi""?",Aláìmoore
340,"Kínì ìtumọ̀ àkànlò-èdè yìí? ""Fi imu danrin""?",Fìyà jẹ ènìyàn
341,"Kínì ìtumọ̀ àkànlò-èdè yìí? ""Gbonu""?",Jẹ iyàn(argue)
342,"Kínì ìtumọ̀ àkànlò-èdè yìí? ""Runparunse""?",Fi gbogbo agbára ṣe ǹkan
343,"Kínì ìtumọ̀ àkànlò-èdè yìí? ""Pa eniyan bi ejo aije""?",Lu ènìyàn ní ìlùkulù
344,"Kíni ""field"" ní Yorùbá?",Pápá
345,"Kíni ""Giraffe"" ní Yorùbá?",Àgùnfọn
346,"Kíni ""Permanent voter's card"" ní Yorùbá?",Ìwé ìdìbò alálòpẹ́
347,"Sàlàyé òwe yì: 
 Àjèsílẹ̀ gbèsè tí ò jẹ́ kí ẹ̀gbẹ̀fà tóó ná.","Tí ènìyàn báti jẹ gbèsè sílẹ̀, owó tí ẹni náà bá rí kò ní too ná títí dìgbà tó bá ti san gbèsè rẹ̀ tán"
348,"Parí òwe yìí:
 Èbìtì kò pa èèrà...",
349,Tí wọ́n bá sọ pé èèyàn wà 'bias' kí ló túmò sí?,Ojú-ìsájú
350,Oṣù wo ni à ń pè ní 'Bèlú'?,Oṣù kọ́kọ̀nlá
351,Kí ni orúkọ tí a ń fún ọmọbìnrin tí a bí tí ó gbé òlùbí kòrùn?,Àìná
352,Fi àmín sí orọ̀ yìí “Akanlo ede”,Àkànlò èdè
353,"Kínì ìtumọ̀ àkànlò-èdè yìí? ""Figagbaga""?",Ìdíje
354,"Kínì ìtumọ̀ àkànlò-èdè yìí? ""Erinwo""?",Ṣe aláìsí
355,"Kíni ""Advertisement"" ní Yorùbá?",Ìpolówó
356,Why do they say 'dágunrò' is inedible'?,Dágunró ní ègún
357,Orúkọ wo ni wọ́n fún ọmọ tí a bí tí kò ke?,Òní
358,"If potters are called 'amọ̀kòkò, calabash designers are called what?",Afíngbá
359,"Deji ni oba ilu akure, kini won n pe, oba ilu ijebu",Àwùjalẹ̀
360,"Kíni ""Duplicate"" ní Yorùbá?",Ẹ̀dà
361,"Kíni ""Earth worm"" ní Yorùbá?",Ekòló
362,"Kíni ""Scissors"" ní Yorùbá?",àlùmógàjì
363,"Kíni ""Brewery"" ní Yorùbá?",Ilé-iṣẹ́ ìpo-ọtí
364,"Kíni ""Cricket"" ní Yorùbá?",Ìrẹ̀
365,"Kíni ""Ram"" ní Yorùbá?",Àgbò
366,"""Parí òwe yìí:
 Èbì tí kò pa èèrà""","Èbìtì ò pa èèrà, ará ilé ẹni níí ṣe ni"
367,"Kini itumo owe yi:
 Ènì tó ma ń tẹ òkú òpòló, yí ò ní ilé Ogbóni tirẹ̀ lọ́tọ̀",
368,"""Parí òwe yìí:
 Eni ti ko mo ise je...",
369,"""Parí òwe yìí:
 Sekeseke dara...",Ṣùgbón alágbẹ̀dẹ ò rọ́ fún ọmọ rẹ̀
370,Awon wo ni won maa n pe ni Ajayi,Ọmọ tí a bí tó dojúbolẹ̀
372,"Kíni ""Buffalo"" ní Yorùbá?",Efọ̀n
373,"Kíni ""Scorpion"" ní Yorùbá?",àkekèé
374,"Kíni ""Bracelet"" ní Yorùbá?",Ẹ̀gbà-owo
375,"Kíni ""Description"" ní Yorùbá?",Àpèjúwe
376,"Kínì ìtumọ̀ àkànlò-èdè yìí? ""gbin èpà sí oko ikún""?",Ṣíṣe àṣedànù
378,"""Parí òwe yìí:
 Ore n jore...","Ọrà ń jọ́rà, a kìí dúpé mo tọ̀pọ̀"
379,"""Kini itumo owe yi:
 A kii je okele lori okele, a kii fina sori orule sun""","Kí ènìyàn ṣe ohungbogbo ní ìwọ̀ntúnwọ̀nsì, nítorí tí a kò bá ṣe béè, ó lè fa ìjàm̀bá"
381,"Kíni ""66 thousand naira"" ní Yorùbá?",Ẹgbẹ̀rùn lọ́nà mérìndínláàdórin náírà
382,"Kínì ìtumọ̀ àkànlò-èdè yìí? ""farasoko""?",Sápamó
383,"Parí òwe yìí.
 Ènì yá ẹ̀gbẹ̀fà tí ò san",Ó bégi dínà egbèje
384,"Kíni ""Wolf"" ní Yorùbá?",Ìkokò
385,"Kíni ""Investment"" ní Yorùbá?",Ìdókòwò
386,"Kíni ""Trade fair"" ní Yorùbá?",Ìpàtẹ Ìdókòwò
387,"Kíni ""Calculator"" ní Yorùbá?",Ẹ̀rọ ìṣírò
388,"Kíni ""Internet banking"" ní Yorùbá?",Ìfowópamọ́ orí ayélujára
389,"Kíni ""Rainbow"" ní Yorùbá?",Òṣùmàrè
390,"Pari owe yi:
 Bí oníṣé bá ń jèrè iṣẹ..",Ọ̀lẹ á máa jèrè ìmẹ́lẹ́
391,"Kíni ""Blade"" ní Yorùbá?",Abẹfẹ́lẹ́
392,"Kínì ìtumọ̀ àkànlò-èdè yìí? ""Eku Itadi""?",Kí ènìyàn só
393,"Kíni ""Royal Bead Makers"" ní Yorùbá?",Asíndẹmádé
394,"Kíni ""Graduation"" ní Yorùbá?",Ikékòógboyè
395,"Kíni ""Chimpanzee"" ní Yorùbá?",Ìjímèrè
396,"Kíni ""500 thousand"" ní Yorùbá?",Ẹgbẹ̀rún lọ́nà ẹ̀ẹ́dẹ́gbẹ̀ta
397,"Kíni ""Camping"" ní Yorùbá?",Ìpàgọ́
398,"Kíni ""Bargain"" ní Yorùbá?",Ìdúnádúrà
399,"Kíni ""Translator"" ní Yorùbá?",Ògbufọ̀
400,"Kíni ""Trap"" ní Yorùbá?",Èbìtì
401,"Kíni ""700"" ní Yorùbá?",Ẹ̀ẹ́dẹ́gbẹ̀rin
402,"Kínì ìtumọ̀ àkànlò-èdè yìí? 
 A ń sájú ẹlẹẹdẹdé pẹẹdé",A máa fí ń sọfún ènìyàn tí ó ń bẹ́
403,Dárúkọ tí Yorùbá n pe àwọn ìka ọwọ wa márààrún,"Kúrúmbète, òrùka yémí, óga juwónlọ, odùnńlábẹ̀, àtànpàkò."
404,"Parí òwe Yorùbá yìí
 Sin mí ká re ilé àna o wọ ẹwù etù …,",kíni kí ọkọ ìyàwó wọ̀
405,"Kíni ""deer"" ní Yorùbá?",Àgbọ̀nrín
406,"Kíni ""fountain"" ní Yorùbá?",Orísun
407,"Kíni ""fine"" ní Yorùbá?",Owó ìtánràn
408,"Eré Orí igi àşekù ọmọ ẹdun, kíní yorùbá n pè ní 'ẹdun'?",Ọ̀bọ
409,"Yorùbá bò wọ́n ní… Pánsá ò funra pánsá já, àjà ò funra àjà jìn… kí ní pánsá?","Pánsá (attics)
 Bí onílé ò bá funra, olè á ko"
410,Ka eje orile-ede Naijiria ni ede Yoruba,"Mo ṣe ìlérí fún Orílẹ̀-Èdè mi Nàìjíríà, 
 Láti jẹ́ olódòdo, ẹnití ó ṣeé f'okàn tán 
 Àti olótitọ́ ènìyàn 
 Láti sìn ín pẹ̀lu gbogbo agbára mi, 
 Làti sa ipá mi gbogbo fún ìṣọ̀kan rẹ̀ 
 Àti láti gbé e ga fún iyì àti ògo rẹ̀. 
 Kí Ọlọ́run ràn mí l'ọ́wọ́"
411,"Kíni ""93"" ní Yorùbá?",Mẹ́tàléláàdọ́rún
412,Kíni Yorùbá n pe border?,Àlà
413,"Kíni ""favorite"" ní Yorùbá?",Ààyò
414,"""Pari owe yi:
 Ohun tí ajá rí tí ó ń gbó…""",kò tó èyí tí àgùtàn fi ń ṣe ìran wò
415,"Parí òwe Yorùbá yìí
 ògèdè dúdú kò sè bùṣọn…",Ọmọ burúkú ò ṣe lù pa
416,"Parí òwe Yorùbá yìí
 Enu ai menu, ete ai mete...",níí mú ọ̀ràn bá ẹ̀rẹ̀kẹ́
417,"Kini ọ̀rọ̀ Yorùbá fun ""Comb"" tí ó wà lórí akùkọ adìyẹ",Igbe
418,"Kíni ""Certificate"" ní Yorùbá?",Ìwé ẹ̀rí
419,"Kíni ""web"" ní Yorùbá?",Ìtàkùn
420,Yàtọ̀ sí ayékòótò kíni Yorùbá tún má ń pe 'parrot'?,Odídẹrẹ́
421,"Kíni ""ditch"" ní Yorùbá?",Kòtò
422,Tani ọba àkọ́kọ́ tí a kọ́kọ́ kì ní kábíyèsí ní ilè Yorùbá,Aláàfin Sàngó
423,Àwọn wo ni Yorùbá ń pè ní 'màjẹsín,Àwọn ọmọdé
424,"Kíni ""South-West"" ní Yorùbá?",Gúúsù-Ìwọ-oòrùn
425,Kíni Yorùbá ń pe 'flamingo'?,Ẹyẹ-omi
426,Kíni Yorùbá ń pe 'squat'?,Lóòṣó
427,"Parí òwe Yorùbá yìí
 Ajogún Ifá tó ní òun kò ní kú mọ …",Ẹni tó tefá gan dàà
428,"Kíni ""North"" ní Yorùbá?",Àríwá
429,Tí Yorùbá bání ẹ̀ẹ̀yàn 'pẹ̀ ọ̀rọ̀ sọ'. Kí ló tún mò sí?,Kòfẹ́ fi gbogbo ẹnu sọ̀rọ̀
430,"Kíni ""Education Manager"" ní Yorùbá?",Ìṣàkóso Ẹ̀kọ́
431,"Kíni ""Guinea worm"" ní Yorùbá?",Sòbìà
̀432,Àwọn wo ni Yorùbá ń pè ní 'ọjẹ',Eléégún
433,"Parí òwe Yorùbá yìí
 Òṣùpá là a ní kò gún...","Ẹni tọ́wọ́ ẹ̀ bá to, kó lo tun ṣe"
434,Ìlú wo ni wón ti ń bí 'Ìbejì' jùlọ ní ilè Yorùbá,Igbó-ọrà
435,"Kíni ""Relationship"" ní Yorùbá?",Ìbáṣepọ̀
436,"Kíni ""Pretence"" ní Yorùbá?",Ìdíbọ́n
437,"""Kínì ìtumọ̀ àkànlò-èdè yìí? 
 Te nkan nidi""",Lílo ọgbọ́n àlùmọ̀kọ́rọ́yí láti fi kó ọrọ̀ jọ
438,"""Kíni àkọ́lé orúkọ ọba Ijesha?""",Ọwá
439,"Parí òwe Yorùbá yìí
 Àjánàkú kọjáa mo rí nkan firí",Tí a bá rérin ká sọpé a rérin
440,"Kíni ""Debate"" ní Yorùbá?",Ìtàkùọ̀rọ̀so
441,Kíni ìyàtọ̀ láàrin ìtòsí ati ìjọsí?,"Ìtòsí -–Súnmọ́
 Ìjọ́sí -–Jìnà"
442,Kíni ìyàtọ̀ láàárín ìpààrọ̀ àti ìyípadà?,"Ìpààrọ̀ - Replace
 Yípadà - Change"
443,"Kíni ""Protest"" ní Yorùbá?",Ìfẹ́ónúhàn
444,"Kíni ""National Assembly"" ní Yorùbá?",Ìgbìmọ̀ aṣòfin àgbà
445,"Kíni ""Canopy"" ní Yorùbá?",Àtíbàbà
446,Àwọn ọmọ wo ni Yorùbá ń pè ní 'Kòsọkọ' àti pé kíni ìdí tí a fi ń pè wọn bẹ?,"Àbíkú ọmọ ni wọ́n ń pè ní Kòsọ́kọ́
 A máa ń pe wọ́n bẹ́ẹ̀ nítorípé ọkọ́ ni a máa fi ń wa ilẹ̀ látìi fi sin òkú"
447,Tí Yorùbá bá sọpé Igi imú jìná sórí... kíni wọn ń gbìyànjú láti sọ pẹ̀lú àpẹrẹ,Kí ènìyàn kan ju ẹnìkéjì lọ
448,"Kíni Yorùbá ń pè ní mọ̀gúdú?""",Ìkokò tó tóbi (A big wolf)
449,"Parí òwe Yorùbá yìí ""bí èbù ò rà...""",A ò lè rí ègbodò
450,"Parí òwe Yorùbá yìí
 Bí abá sọrọ tán ẹrín làá rín...","bí a bá yó tán, orun níí kun ni"
451,"Yàtọ sí ádùrá kíni Yorùbá n
 pè ádùrá àti àmín""?","Àdúrà -–Ìwúre
 Àmín -–Àṣẹ"
452,"Kíni ""North-East"" ní Yorùbá?",Àrìwá-Ìlà-oòrùn
453,Kíni àkólé orúkọ ọba ìlú Ijebu-Igbo?,Orímolúsì
454,"Kíni ""Train station"" ní Yorùbá?",Ibùdó ọkọ̀ ojú irin
455,"Kíni ""Barn"" ní Yorùbá?",Aká
456,Ìlú wo ni ile yorùbá ni wón ti sę odún ojude oba,Ìjẹ̀bú-òde
457,"Kíni ""Genuine"" ní Yorùbá?",Ojúlówó
458,Kíni Yorùbá n pè “Àrokò”,Ọ̀nà tí a fi ń bára wa sọ̀rọ̀ tí a kòsì fẹ́ kí ó yé ẹnikẹta
459,"Kíni ""Wood Pecker"" ní Yorùbá?",ẹyẹ akoko
460,"Kíni ""Brag"" ní Yorùbá?",Fọ́nnu
461,Parí òwe yìí: A fàtelewo fanná,kìí dáwó dúró
462,"Kíni ""Teak tree"" ní Yorùbá?",Igi Ìrókò
463,Kini èjè rùn kanra túmò si?,A máa ń lòó ọ̀rọ̀ yí bí a bá ṣe pàdé ará ilé ẹni láìròtẹ́lẹ̀
464,"Kíni ""Desolate"" ní Yorùbá?",Ahóró
465,"Kíni ""Sparrow"" ní Yorùbá?",alápàándèdè
466,Kíni iyato láàárín ẹgbẹ̀ta àti ẹgbàta?,"ẹgbẹ̀ta - 600 
 ẹgbàta - 6000"
467,"Parí òwe yìí...
 Akìí gbé ẹran erin lóri...?",Kí a máa fi ẹsẹ̀ wa ihò ìrẹ̀(cricket)
468,Irú ọmọ wo ni wón ń pè ní Ìdògbé?,Ọmọ tí a bí lẹ́hìn Àlàbá
469,"Kíni ""Creeper"" ní Yorùbá?",Àfòmọ́
470,"Kíni àwon orọ wọnyí ""belching or burping"" tun mò sí ní Yorùbá",Gùnfẹ̀
471,"Àwọn wo ni wón ma n ""sun ijálá""",Àwọn ọlọ́de
472,"Kíni ""Hiccups"" ní Yorùbá?",Òsúkè
473,"Kíni ""Cobweb"" ní Yorùbá?",Ówú alántakùn
474,"Kíni ọrọ yí túmosí ""takété""",Kí ènìyàn dúró sí ọ̀nà tó jìn
475,"Kíni ""Striike"" ní Yorùbá?",ìyanşélódì
476,Kíni màjàlà tún mọ sí ?,Oun tí ó máa ń bá iná jíjó lọ sókè (burnt flakes)
477,"Kíni ""width"" ní Yorùbá?",ìbú
478,"Kíni Yorùbá ""height"" àti ""length""?",Gíga àti Gígùn
479,"Tani ó kọ ìwé yìí ""ogboju odẹ nínú igbó irúnmolè""?",Daniel Ọlọ́runfẹ́mi Fágúnwà
480,"Kíni ""Wood Carver"" ní Yorùbá?",Agbẹ́gilére
481,"Kíni ""Bone Marrow"" ní Yorùbá?",Mùdùnmúdùn
482,Parí òwe yìí: ajá kìí rorò títí,Kí ó ṣọ́ ojúlé méjì papọ̀
483,"Yato sí pàsán, àtòrì àti ẹgba kí tún ní orúkọ tí Yorùbá n pè ""cane""?",Ọrẹ́
484,"Parí òwe yìí: ẹgbẹrin òtẹ,...",..bí a ṣe ń pakan nìkán rúwẹ́
485,"Kíni ""Launching"" ní Yorùbá?",Ìfilọ́lẹ̀
486,Àwọn agbá bò wọ́n ní 'adìyẹ ìrànà kì í ṣe òun ajẹgbẹ' ...kíni Adìyẹ ìrànà?,Adìyẹ tí à ń pa fún òkú
487,Ṣe àtúnṣe àti àtúnpà òwe Yorùbá yìí 'oyè tó kan ará ìwó ń bọ́ wá kan ará ẹ̀dẹ',Oyè tó kan ará Aho ń bọ́ wá kan ará ẹ̀dẹ
488,Àwọn wo ni Yorùbá ḿ pè ní 'òrùn ẹní' àti pé kíni ìdí tí wọ́n fi ń pè wọ́n bẹ?,Òbí ẹni
489,Kíni ìtumọ̀ òwe yìí 'alágbára má mọ èrò baba ọ̀lẹ?',Ẹnití ó bá pe ara rẹ̀ ní alágbára gbúdò máa ṣe ìwáàdí láti mọ èrò nígbogbo ìgbà
490,Parí òwe yìí: Ẹni tí ẹgún bá gúnlẹ̀sẹ̀?,Ni ń sá làkàlàkà relé alábẹ
491,Parí òwe yìí: Sàn-án lààrín...,...ajé ní múni pẹ́ kọ̀rọ̀
492,"Parí òwe Yorùbá yìí:
 'Ẹ gún ẹṣin ní kẹṣẹ, ẹ lọ ńtàpá' ...............?","Ẹgún ẹṣin ní kẹṣẹ ẹ ní ó ń tàpá, baba ta ló ma ti rin bọ̀ láyà tí ò ní tākítì"
493,"Fi ọ̀rọ̀ tó bá yé sí àlàfo yìí
 'Ọ̀pọ̀ igi ní bẹ̀ nìgbó ká tó fi .... gbẹ́ gbẹ̀du?",igi ọ̀mọ̀
494,Kíni Yorùbá n pè ní àpáádì?,àfọ́kù ìkòkò
495,Irú ọbẹ wo ni Yorùbá n pè ní ọbẹ àtẹ?,Ọbè tí a kò fi iyọ̀ sí
496,"Parí òwe Yorùbá yìí
 'À pa àímú délé......?",Ni ò jẹ́ kamọ̀ pé ológbò ń ṣe ọdẹ
497,"Parí òwe yìí:
 'Àtìrà ibọn kò tó àtìrà ẹtù.......?'","Nítorí ojókan làá ra ìbọn, ojoójúmọ́ làá ra ẹ̀tù"
498,"Kíni ""Red river hog"" ní Yorùbá?",Túùpú
499,"Kíni ""personification"" ní Yorùbá?",Ìfohunpènìyàn
500,"Kíni ""gourd"" ní Yorùbá?",àdó
501,"Kíni ""Animal Shell"" ní Yorùbá?",Ìkarahun
502,"Kíni ""Nettle rash"" ní Yorùbá?",Inárun
503,"Nínú ayò (ọpọ́n)
 ihò mééló ní ó wà nínú àpótí ayò ọpọ́n.....?",Méjìlá(12)
504,"Kíni ""Lightning"" ní Yorùbá?",Mọ̀nàmọ́ná